title,text
Apa itu Jumantik?,"""Jumantik (Juru Pemantau Jentik) adalah warga yang membantu memantau dan memastikan tidak ada jentik nyamuk di rumah maupun lingkungan sekitar. Dengan adanya Jumantik, penyebaran penyakit DBD bisa dicegah lebih awal."""
Mengapa setiap rumah sebaiknya punya Jumantik?,"""Karena dengan satu orang yang rutin memantau jentik di rumah, kita bisa cepat tahu bila ada tempat berkembang biaknya nyamuk penyebab DBD. Satu rumah satu Jumantik berarti satu langkah lebih aman dari DBD."""
Bagaimana cara menjadi Jumantik di kelurahan?,"""Cukup mendaftar lewat Ketua RT/RW atau Puskesmas. Nantinya akan ada pelatihan dasar tentang cara memantau jentik dan mencatat hasilnya."""
Kapan waktu terbaik memeriksa jentik di rumah?,"""Pemeriksaan sebaiknya dilakukan seminggu sekali, terutama di bak mandi, vas bunga, talang air, atau wadah yang bisa menampung air hujan."""
Apa itu gerakan 3M Plus?,"""3M Plus adalah gerakan Menguras, Menutup, dan Mendaur ulang tempat yang bisa menampung air + tambahan seperti menanam tanaman pengusir nyamuk atau memakai lotion anti-nyamuk."""
Mengapa jentik nyamuk kecil tapi berbahaya?,"""Karena dari jentik inilah muncul nyamuk dewasa pembawa virus DBD. Semakin banyak jentik, semakin tinggi risiko penularan."""
Bagaimana cara anak-anak ikut membantu Jumantik?,"""Anak-anak bisa diajak mencari genangan air setelah hujan, menutup wadah air, dan mengingatkan orang tua untuk menguras bak mandi. Seru kan sambil belajar hidup sehat!"""
Bagaimana warga tahu jadwal pemeriksaan Jumantik?,"""Biasanya kader Jumantik memberi tahu lewat grup WhatsApp RT/RW atau mengumumkan di papan informasi kelurahan."""
Mengapa laporan warga penting bagi kelurahan?,"""Laporan dari warga membantu petugas mengetahui lokasi-lokasi yang rawan jentik. Dengan begitu, kelurahan bisa cepat melakukan penyuluhan atau fogging fokus bila perlu."""
Apa yang bisa dilakukan warga setelah rumahnya diperiksa Jumantik?,"""Segera bersihkan atau tutup wadah air yang ditemukan jentik, lalu jaga kebersihan lingkungan. Jangan lupa, bantu pantau rumah tetangga juga!"""
Apa manfaat kegiatan Jumantik untuk warga kelurahan?,"""Selain mencegah DBD, kegiatan Jumantik memperkuat kerja sama antarwarga. Lingkungan jadi lebih bersih, sehat, dan saling peduli."""
Apa yang dilakukan kelurahan kalau ada peningkatan kasus DBD?,"""Biasanya kelurahan akan berkoordinasi dengan Puskesmas untuk melakukan penyuluhan, pemeriksaan jentik massal, dan fogging fokus di daerah terdampak."""
Apa aja sih tempat yang sering ada jentik nyamuk di rumah?,"""Biasanya di tempat air bersih yang jarang dikuras, seperti bak mandi, vas bunga, talang air, dan tatakan dispenser. Bahkan tutup botol pun bisa jadi sarang!"""
Gimana cara cek jentik nyamuk sendiri di rumah?,"""Ambil senter, lihat dasar wadah air yang bening. Kalau ada titik-titik kecil yang bergerak cepat, itu tandanya ada jentik. Langsung buang airnya dan gosok wadahnya!"""
Apa jentik bisa hidup di air bersih?,"""Bisa banget! Nyamuk Aedes aegypti justru suka air bersih yang tergenang lama, bukan air kotor."""
Kalau udah nemu jentik,"dilaporinnya ke siapa?,""Kamu bisa lapor ke kader Jumantik RT/RW, atau langsung ke grup WA lingkungan supaya dicatat dan dilaporkan ke Puskesmas."""
Apa gunanya laporan jentik dari warga?,"""Laporan warga bantu kelurahan tahu lokasi rawan DBD dan bisa cepat ambil tindakan, kayak penyuluhan atau fogging fokus."""
Kapan sih waktu terbaik buat periksa jentik?,"""Idealnya seminggu sekali, apalagi setelah hujan. Jangan tunggu banyak nyamuk baru mulai periksa!"""
Kalau lagi musim hujan,"apa yang harus dilakukan biar gak ada jentik?,""Periksa semua wadah air di rumah, tutup rapat, dan buang genangan di halaman. Nyamuk suka banget bertelur setelah hujan!"""
Apakah fogging cukup buat mencegah DBD?,"""Fogging cuma bunuh nyamuk dewasa, bukan jentiknya. Jadi tetap harus rutin 3M Plus dan pemeriksaan jentik di rumah."""
Mengapa genangan kecil juga bisa berbahaya?,"""Karena telur nyamuk bisa nempel di dinding wadah sekecil tutup botol, dan bisa hidup sampai berbulan-bulan."""
Bagaimana cara kelurahan tahu daerah yang harus difogging?,"""Dari laporan Jumantik dan warga. Kalau ditemukan banyak jentik atau ada kasus DBD, petugas akan jadwalkan fogging fokus."""
Siapa yang ngumpulin data hasil pemeriksaan jentik?,"""Kader Jumantik setor datanya ke koordinator kelurahan, lalu dikirim ke Puskesmas buat direkap tiap minggu."""
Apakah warga bisa lihat hasil laporan jentik di wilayahnya?,"""Biasanya bisa! Laporan ditempel di papan informasi kelurahan atau dibagikan lewat grup warga tiap minggu."""
Bagaimana kelurahan menindaklanjuti rumah yang belum diperiksa?,"""Koordinator Jumantik akan koordinasi dengan RT untuk memastikan rumah itu dikunjungi lagi minggu berikutnya."""
Ada gak sih aplikasi buat laporan jentik secara online?,"""Beberapa daerah udah punya aplikasi kayak e-Jumantik buat input hasil pemeriksaan langsung dari HP kader."""
Kenapa data Jumantik penting buat pemerintah?,"""Data jentik bantu Dinas Kesehatan memetakan wilayah rawan, bikin program PSN lebih tepat sasaran, dan menekan kasus DBD."""
Apa yang dilakukan kalau warga menolak diperiksa?,"""Kader akan mendekati warga dengan cara persuasif dan memberi edukasi tentang pentingnya pemeriksaan jentik demi kesehatan bersama."""
Apa hubungan Jumantik dengan program PSN 3M Plus?,"""Jumantik adalah pelaksana utama di lapangan untuk memastikan program PSN 3M Plus berjalan di rumah warga."""
Apa yang harus disiapkan sebelum pemeriksaan Jumantik?,"""Pastikan wadah air bersih bisa diakses, tidak tertutup rapat, dan lingkungan rumah dalam keadaan terang agar pemeriksaan jentik mudah dilakukan."""
Bagaimana kelurahan menilai keberhasilan kegiatan Jumantik?,"""Dilihat dari hasil laporan bebas jentik, penurunan kasus DBD, dan partisipasi warga dalam kegiatan PSN."""
Apakah kegiatan Jumantik berbayar?,"""Tidak. Semua kegiatan Jumantik berbasis gotong royong dan sukarela, meskipun beberapa daerah memberikan insentif kecil."""
Bagaimana peran sekolah dalam mendukung program Jumantik?,"""Sekolah bisa membentuk Jumantik Cilik yang bertugas memantau kebersihan lingkungan sekolah dan memberi edukasi ke teman-temannya."""
Apakah warga boleh ikut memeriksa rumah tetangga?,"""Boleh jika sudah mendapat izin dan melakukannya dengan sopan. Tujuannya membantu lingkungan tetap bebas jentik."""
Bagaimana cara mengisi laporan hasil pemeriksaan jentik?,"""Gunakan formulir dari kelurahan atau aplikasi e-Jumantik, isi jumlah wadah yang diperiksa, jumlah jentik ditemukan, dan tindakan yang diambil."""
Apakah data Jumantik bisa digunakan untuk penelitian?,"""Bisa, asalkan data sudah disetujui oleh kelurahan dan Dinas Kesehatan setempat untuk menjaga privasi warga."""
Bagaimana kelurahan menindak rumah yang selalu ditemukan jentik?,"""Biasanya akan ada kunjungan khusus, penyuluhan lanjutan, atau kerja bakti bersama agar masalah jentik bisa diatasi."""
Apakah ada penghargaan untuk warga aktif sebagai Jumantik?,"""Beberapa daerah memberi piagam atau hadiah kecil untuk warga yang aktif jadi kader Jumantik teladan."""
Apa hubungan Jumantik dengan kegiatan Posyandu?,"""Kader Jumantik dan Posyandu sering bekerja sama dalam sosialisasi kesehatan dan pemantauan lingkungan."""
Bagaimana melaporkan hasil pemeriksaan ke Puskesmas?,"""Kader biasanya mengisi formulir mingguan dan menyerahkannya ke koordinator yang lalu dikirim ke Puskesmas setempat."""
Apa yang dilakukan jika ditemukan banyak jentik di satu RT?,"""Kelurahan akan berkoordinasi dengan Dinas Kesehatan untuk mengadakan kerja bakti massal dan edukasi warga."""
Apakah anak-anak bisa ikut pelatihan Jumantik?,"""Bisa! Biasanya lewat program Jumantik Cilik di sekolah agar anak-anak paham sejak dini pentingnya menjaga kebersihan lingkungan."""
Kenapa penting melibatkan RT/RW dalam kegiatan Jumantik?,"""RT/RW membantu koordinasi dan pendataan rumah, serta memastikan semua warga ikut berpartisipasi."""
Bagaimana cara membuat laporan mingguan Jumantik yang baik?,"""Pastikan datanya lengkap: jumlah rumah diperiksa, jumlah wadah berjentik, dan tindakan perbaikan yang dilakukan."""
Bagaimana kader Jumantik menjaga motivasi agar tetap aktif?,"""Dengan rutin diberi umpan balik positif dari kelurahan, pelatihan, dan apresiasi kecil dari warga."""
Apakah Jumantik bekerja sama dengan petugas fogging?,"""Ya, kader Jumantik memberi data lokasi jentik untuk dijadikan acuan area fogging."""
Apa yang harus dilakukan kalau data Jumantik tidak lengkap?,"""Koordinator kelurahan akan mengingatkan kader yang belum mengisi dan membantu menyelesaikan datanya."""
Apakah semua warga wajib jadi Jumantik?,"""Tidak wajib, tapi dianjurkan. Minimal satu orang di tiap rumah ditunjuk untuk memantau jentik secara rutin."""
Siapa yang bertanggung jawab atas keberhasilan program Jumantik di kelurahan?,"""Lurah bersama koordinator kader dan Puskesmas memiliki tanggung jawab bersama dalam memantau dan mengevaluasi program."""
Apa manfaat langsung bagi warga yang aktif sebagai Jumantik?,"""Selain ikut menjaga kesehatan lingkungan, warga jadi lebih waspada terhadap DBD dan menularkan kebiasaan bersih kepada tetangga."""
Apa itu PSN 3M Plus,"PSN 3M Plus adalah gerakan Pemberantasan Sarang Nyamuk: Menguras, Menutup, dan Memanfaatkan/Mendaur ulang barang bekas, ditambah langkah tambahan seperti menabur larvasida pada tempat air sulit dikuras, memasang kawat kasa, menggunakan kelambu atau lotion antinyamuk, menjaga kebersihan lingkungan, dan memelihara ikan pemakan jentik."
Kapan fogging dilakukan,Fogging fokus dilakukan ketika ditemukan kasus suspek/terkonfirmasi DBD dengan hasil penyelidikan epidemiologi menunjukkan penularan di sekitar rumah kasus. Fogging hanya membunuh nyamuk dewasa dan tidak menggantikan PSN 3M Plus. Idealnya dilakukan dua siklus dengan jarak sekitar 7 hari untuk memutus nyamuk yang baru menetas.
Jadwal kunjungan Jumantik RW,"Jumantik melakukan pemeriksaan jentik secara berkala, biasanya setiap pekan pada hari yang disepakati RW/RT setempat. Warga dapat mengecek jadwal melalui papan pengumuman kelurahan, grup WhatsApp RW, atau menanyakan langsung ke Ketua RT/Kader Jumantik setempat."
Cara melapor jentik,"Warga dapat melapor dengan format: Nama, Alamat lengkap (RT/RW), Temuan jentik di wadah apa, dan foto jika ada. Laporan disampaikan ke kader Jumantik RT/RW atau kanal resmi kelurahan. Laporan digunakan untuk pemetaan risiko dan tindak lanjut PSN/Fogging bila diperlukan."
Alasan fogging tidak selalu wajib,"Tanpa PSN, jentik akan tetap menetas meskipun fogging dilakukan. Karena itu, fogging bersifat situasional berdasarkan surveilans kasus dan hasil penyelidikan epidemiologi, bukan permintaan semata. Langkah utama pencegahan tetap PSN 3M Plus."
